id,name,priceEur
1,VYTORIN,542
2,Scrub,428
3,Thyro Tonic,477
4,Anti-Itch Wal-Dryl,239
5,Clearasil,310
6,Ibuprofen,870
7,PURE SHEER,142
8,Dettol,719
9,Mirtazapine,621
10,miconazole 1,786
11,Omeprazole,208
12,Nabumetone,652
13,Caverject Impulse,201
14,Natural SUN Saving Face,658
15,TREE ANTIGEN,270
16,DG Health Pain Relief,492
17,LBEL Couleur Luxe Rouge Amplifier XP amplifying SPF 15,820
18,LBEL COULEUR LUXE AMPLIFIER XP,442
19,Fluoxetine,379
20,Topical Anesthetic,913
21,Duloxetine,108
22,Lorazepam,726
23,Estropipate,667
24,CD DIORSKIN STAR Studio Makeup Spectacular Brightening with sunscreen Broad Spectrum SPF30 023,763
25,"Food - Plant Source, Celery Apium graveolens",767
26,BZK Alcohol,81
27,BABYGANICS ECZEMA,168
28,Red Maple,189
29,AZITHROMYCIN,395
30,Cold - Sinus,81
31,Methylphenidate Hydrochloride,723
32,Cyclobenzaprine Hydrochloride,171
33,Ibuprofen,684
34,Probenecid and Colchicine,880
35,Methocarbamol,359
36,Sodium FluorideF 18,274
37,Yummy Mummy Milk,804
38,Anti Dandruff,658
39,Medline Enema,624
40,FENTANYL TRANSDERMAL SYSTEM,957
41,OXYGEN,902
42,Ropinirole,763
43,ReCreate Foundation,177
44,flormar Foundation Sunscreen Broad Spectrum SPF 20 LF10 SAND BEIGE,603
45,Maxixum Security Gel Toothpaste,761
46,SHISEIDO ADVANCED HYDRO-LIQUID COMPACT (REFILL),466
47,risperidone,938
48,RED GINSENG FERMENTED,328
49,Exelderm,791
50,FaceCoTZ,324
51,Hydrochlorothiazide,166
52,PENTOXIFYLLINE,625
53,Eastern Cottonwood,533
54,"Pollens - Trees, Tree Mix 6",830
55,Gowoonsesang Multi Protection,380
56,Anti-Aging Vitamin Complex 7-in-1 Broad Spectrum SPF15 Sunscreen,737
57,SHISEIDO PERFECT REFINING FOUNDATION,214
58,Lamotrigine,590
59,Lotrimin Ultra Jock Itch,450
60,Quetiapine Fumarate,732
61,Treatment Set TS350663,701
62,Lorazepam,143
63,COUMADIN,405
64,Disney FAIRIES Sweet Berry Scented Antiseptic Hand Cleansing,287
65,Fresh Sugar Roll-On Deodorant Antiperspirant,248
66,Cetirizine Hydrochloride,707
67,Penicillium notatum,741
68,SHISEIDO THE MAKEUP LIFTING FOUNDATION,421
69,Zyprexa,711
70,Cultivated Oat Pollen,531
71,Kapvay,840
72,members mark nasal decongestant,605
73,Flavoxate Hydrochloride,68
74,Blemish Serum,687
75,Bipolaris sorokiniana,970
76,omeprazole,461
77,Ondansetron Hydrochloride,591
78,Ondansetron,504
79,Cold-EEZE,208
80,Childrens Ibuprofen,939
81,Franseria Mixture,656
82,Star of Bethlehem,513
83,Sore Throat,239
84,Gy-Na-Tren,711
85,Propoxyphene and Acetaminophen,102
86,AZACTAM,469
87,Foot Works,170
88,Rolaids Ultra Strength- Cherry,447
89,PCXX ONE MINTE GEL MARSHMALLOW FLOAT,396
90,Pork,126
91,Solu-Cortef,207
92,Warfarin Sodium,896
93,SUNFLOWER SEED,899
94,GOLDSHIELD 24,122
95,Venlafaxine Hydrochloride,854
96,Real Deal Foundation,334
97,DR DENTAL CARE 750ML,312
98,Acamprosate Calcium,426
99,Topco Associates LLC,789
100,Anticavity,423
101,Lyrica,241
102,DIORSNOW WHITE REVEAL PURE TRANSPARENCY MAKEUP SPF 30 020 Light Beige,907
103,Complete Care Tartar Control,244
104,Up and Up Nicotine,451
105,Cephalexin,190
106,Brintellix,538
107,COPAXONE,913
108,Zolpidem tartrate,362
109,Vanilla cupcake anti-bacterial SCENTED HAND SANITIZER,488
110,Vichy Laboratoires Normaderm Triple Action Antiacne Hydrating,720
111,Propranolol Hydrochloride,54
112,Tums,504
113,Meclizine,372
114,TIMOLOL MALEATE,464
115,Ceftriaxone Sodium,503
116,IMITREX,326
117,Tetanus and Diphtheria Toxoids Adsorbed,133
118,mark. Help Wanted,704
119,CAPASTAT SULFATE,339
120,Motion Sickness Relief,729
121,Folic Acid,993
122,AGELESS Total Skin Bleaching Serum,774
123,West Cottonwood,203
124,Mepivacaine,345
125,CP Dr. Babor Purity Cellular Stop Blemish Fluid,581
126,Olanzapine and Fluoxetine,938
127,Complete,195
128,Doxycycline Hyclate,408
129,ATORVASTATIN CALCIUM,978
130,Sodium Bicarbonate,499
131,LANOXIN,399
132,Pigweed Mixture,101
133,"Orchard Grass, Standardized",168
134,Trazodone Hydrochloride,344
135,Phytolacca Kit Refill,466
136,Shopko Athletes Foot,113
137,Nivea A Kiss of Vitamin Swirl Antioxidant Enriched Lip Care,273
138,DICLOFENAC SODIUM,952
139,Tussin Sugar Free Cough,874
140,BareMinerals Dark Matte,198
141,Lovenox,655
142,Azelastine Hydrochloride,636
143,Nitroglycerin Transdermal System,390
144,"Standardized Mite, Dermatophagoides pteronyssinus, Bulk, 10000 AU per mL",607
145,NARS FOUNDATION,162
146,allergy and congestion relief,851
147,Sucralfate,836
148,Cefadroxil,273
149,Adderall,784
150,Walgreens Sunscreen Baby,58
151,Speed Stick,150
152,Citalopram,770
153,Mouth Rinse,497
154,Hydrocortisone,587
155,Bioelectro Night,702
156,Ultra-TechneKow,295
157,Codeine Sulfate,376
158,Trazodone Hydrochloride,427
159,McD,556
160,Gentamicin,865
161,Amcinonide,393
162,Oxygen,990
163,Soothing Advanced Arnica,973
164,Propranolol Hydrochloride,466
165,Acetaminophen,307
166,Dr. OH PATCH,566
167,Burn-B Gone OTC,121
168,Dill,532
169,Boy Butter,414
170,Depo-Testosterone,266
171,Isopropyl alcohol,197
172,Lovastatin,920
173,Fluorouracil,918
174,Oxygen,102
175,Burkhart,526
176,Didanosine,386
177,"Pollens - Trees, Cedar, Red Juniperus virginiana",454
178,Famciclovir,658
179,Zolpidem tartrate,804
180,Antina 40 (Number 48),190
181,Spironolactone,616
182,Vecuronium Bromide,848
183,Hydralazine Hydrochloride,221
184,DOXEPIN HYDROCHLORIDE,411
185,Ionite APF,261
186,ORAP,164
187,Mineral oil,746
188,Childrens Loratadine,240
189,Lidocaine Hydrochloride,979
190,Broad Spectrum SPF 15,866
191,Taurine,893
192,Elitek,444
193,ASP,441
194,SEROQUEL,812
195,Sea Breeze Actives Clear-Pore Astringent,858
196,SHISEIDO SHEER AND PERFECT FOUNDATION,564
197,Metformin Hydrochloride,487
198,Antibactierial Hand Sanitizer,442
199,Lansoprazole,656
200,Nimodipine,310
201,Entecavir,941
202,Lisinopril,116
203,Bacitracin Zinc,541
204,Larynx Bryonia,710
205,Cepacol,535
206,Medicated Anti-Fungal Miconazole,825
207,Niaspan,667
208,NITROGEN,906
209,Hepapar,763
210,Aspergillus Mixture,945
211,DRAXIMAGE MAA,685
212,Medrol,589
213,ATORVASTATIN CALCIUM,929
214,CEDAX,841
215,Rizatriptan Benzoate,341
216,ZOMIG ZMT,928
217,Nicotine,456
218,Hydrocodone Bitartrate and Acetaminophen,261
219,Wal-Zyr,501
220,OXYGEN,561
221,Berry Scented Hand Sanitizer,826
222,Eczema - Skin Care,709
223,Levetiracetam,889
224,Laxative,903
225,Antibacterial Hand Sanitizer,403
226,Sensodyne,754
227,Naproxen Sodium,343
228,Levetiracetam,999
229,Hydrocortisone,606
230,ADVIL,347
231,citroma,398
232,ACNE CONTROL CLEANSER,237
233,Ortho Micronor,64
234,Daily Moisturizing Antioxidant SPF 50,966
235,Potassium Chloride,435
236,CLIV Barrier Power Ampoule,197
237,Sulwhasoo Lumitouch Foundation,718
238,Atenolol,608
239,Furosemide,404
240,FLUOXETINE HYDROCHLORIDE,921
241,Speed Stick,817
242,Standardized Cat Hair,328
243,Sun Mark Stomach Relief,558
244,Triamcinolone Acetonide,311
245,ESIKA Perfect Match,565
246,Telmisartan and Hydrochlorothiazide,964
247,Hand Sanitizer,811
248,Simvastatin,897
249,Naproxen Sodium,865
250,Lyrica,89
251,Simvastatin,635
252,Tricode,644
253,Chinese Elm,204
254,Appetite Control,496
255,albuterol sulfate,501
256,sunmark lansoprazole,230
257,"American Continental Techlabs, LLC INSTANT HAND SANITIZER",985
258,Secret Paris Invisible,949
259,NITROGEN,482
260,Flounder,342
261,Ibandronate Sodium,86
262,Isopropyl Alcohol,468
263,Doxycycline Hyclate,702
264,CEFAZOLIN,170
265,Amlodipine besylate and Atorvastatin calcium,989
266,Crest Complete Multi-Benefit,316
267,bareMinerals READY Touch Up Veil Broad Spectrum SPF 15,920
268,HYDROXYZINE PAMOATE,864
269,CAREALL Eyedrops Original,722
270,risperidone,701
271,Trixaicin,65
272,Rx Act Tussin Chest Congestion,995
273,Phoma,503
274,LBEL Couleur Luxe Rouge Amplifier XP amplifying SPF 15,600
275,napoleon PERDIS ADVANCED MINERAL MAKEUP BROAD SPECTRUM SPF 15 Look 4,618
276,Meijer Cherry Cough Drops,646
277,Neutrogena Shine Control Makeup,883
278,simvastatin,382
279,Proderm,823
280,PINUS ECHINATA POLLEN,542
281,SOLIDAGO CANADENSIS POLLEN,515
282,Moexipril Hydrochloride,788
283,leader ibuprofen cold and sinus,558
284,Expression,618
285,Sleep Tabs,432
286,CYPROHEPTADINE,395
287,pain relief pm,156
288,Lisinopril and hydrochlorothiazide,888
289,Acyclovir,649
290,LBEL EFFET PARFAIT MINERAL NATURAL SKIN EFFECT MOUSSE FOUNDATION SPF 16,851
291,Luxury Antibacterial Foaming,898
292,LBEL Couleur luxe rouge irresistible maximum hydration SPF 17,567
293,Sinuchron,468
294,Laura Mercier Tinted Moisturizer SPF 20 BISQUE,113
295,Mercurius Solubilis,812
296,METHYLIN,393
297,Mousse Vite,331
298,Date,297
299,Verapamil,69
300,Fexofenadine Hydrochloride,858
301,No7 Lift and Luminate Day Sunscreen Broad Spectrum SPF 15,359
302,NightTime Sinus Relief,391
303,MicroMousse II Alcohol Free Hand Sanitizing Foam,258
304,Quinapril,403
305,Treatment Set TS349577,57
306,Equaline Dandruff,788
307,HEALTHCARE Instant Hand Sanitizer Strawberry Scent,658
308,ARSENICUM ALBUM,936
309,Twynsta,676
310,Levetiracetam,571
311,Instant Hand Sanitizer and Moisterizer,950
312,First Aid Macimum Sterngth Bacitraycin Plus,683
313,Colistimethate,621
314,Somatuline Depot,640
315,HYLENEX Recombinant,238
316,70%,998
317,Treatment Set TS344005,921
318,Corvert,746
319,Vida Mia Hand Sanitizer Aloe Vera,922
320,MICRELL Antibacterial Foam Handwash,723
321,complete,929
322,Albuterol Sulfate,880
323,benazepril hydrochloride and hydrochlorothiazide,108
324,Vitalizer White,112
325,"ANAS BARBARIAE, HEPATIS ET CORDIS EXTRACTUM",644
326,Quality Choice Mucus Relief,521
327,Instant Hand Sanitizer,62
328,MAYINGLONG HEMORRHOIDS,114
329,Diclofenac Sodium,337
330,sinus relief,162
331,Birch,398
332,Hemorrhoids,509
333,Ibuprofen,662
334,English Plantain,238
335,Conazol,399
336,Instant Hand Sanitizer Original,986
337,TELMISARTAN,452
338,care one nasal,798
339,PHOTOSHOT 3D BB BALM,690
340,Atovaquone and Proguanil Hydrochloride,517
341,simvastatin,821
342,LACHESIS MUTUS,336
343,Childrens Allergy Relief,60
344,Vasopressin,589
345,Soybean,288
346,Chlorothiazide,899
347,LBEL COULEUR LUXE AMPLIFIER XP,680
348,LANEIGE SNOW CRYSTAL,550
349,Injury Topical,814
350,Laxative Pills,974
351,Clonidine Hydrochloride,653
352,SUPERDEFENSE AGE DEFENSE BROAD SPECTRUM SPF 20,403
353,Hydromorphone HCl,371
354,mark. For Gooness Face,289
355,Warfarin Sodium,203
356,Ibuprofen,576
357,Paroxetine,741
358,Sterile Water,289
359,Amlodipine,55
360,Diethylpropion HCl,927
361,Dog Fennel,115
362,Instant Hand Sanitizer - Vanilla Scented,803
363,All Day Allergy Relief,348
364,CELLBOOSTING HOMME,159
365,SAMSCA,276
366,SENNA,449
367,ARTISS,850
368,Antibiotic,775
369,AMMENS MEDICATED,618
370,Dopamine,412
371,Virginia Live Oak,296
372,cephalexin,277
373,Amiodarone Hydrochloride,372
374,Nortriptyline Hydrochloride,292
375,Tolnaftate,210
376,Amnesteem,817
377,Sage,585
378,Carvedilol,896
379,Docusate Sodium Stool Softener,546
380,BABOR Cleansing Mild Peeling,510
381,ZENPEP,86
382,PLATANUS OCCIDENTALIS POLLEN,758
383,Deb Med InstantFOAM OptiDose Hand Sanitizer,975
384,Dicyclomine Hydrochloride,207
385,Fluoxetine,318
386,Chlorthalidone,195
387,Zaliex Alcohol-Free Foaming Hand Sanitizer,593
388,TAZICEF,504
389,Allergena,571
390,Estradiol,876
391,BIDEX-400,274
392,Degree,663
393,BareMinerals,72
394,Gabapentin,511
395,Loratadine,144
396,Anti-Aging Vitamin Complex 7-in-1 Broad Spectrum SPF15 Sunscreen,213
397,VESIcare,685
398,PERFECTION LUMIERE VELVET,818
399,Just For Kids,691
400,Asthma Therapy,993
401,CVS PHARMACY,795
402,Pleo Cal,469
403,Head and Shoulders,684
404,rx act cough and sore throat,324
405,Perindopril Erbumine,617
406,Amlodipine Besylate,712
407,Quip,430
408,Chemtox,239
409,Atorvastatin Calcium,210
410,Paclitaxel,908
411,NEXIUM,331
412,Lyrica,538
413,Hydroxyzine Hydrochloride,836
414,Disney Princess Antibacterial Hand Wipes,412
415,Lovastatin,934
416,Zaliex Antiseptic Hand,277
417,Penicillin V Potassium,863
418,Hypericum,451
419,Ramipril,963
420,SEPIA OFFICINALIS,107
421,Salicylic Acid Wart Remover,227
422,Oxymorphone Hydrochloride,544
423,TOURCIA,665
424,ENTEX LQ,745
425,Best Choice Bacitracin Zinc,159
426,Maxixum Security Gel Toothpaste,794
427,Butisol Sodium,758
428,Pier 1 Imports Iced Cookie Anti-Bacterial Hand Sanitizer,830
429,Plexion,576
430,Multi-Symptom Cold Relief,393
431,Dopamine HCl,982
432,CC Cream Complexion Corrector Medium Dark Broad Spectrum SPF 15,70
433,Fever Infection,381
434,Fluphenazine Hydrochloride,574
435,CD DiorSnow White Reveal UV Shield Foundation 012-Porcelain,585
436,Sodium Polystyrene Sulfonate,521
437,Redness Relief Original,540
438,Trimethobenzamide Hydrochloride,932
439,Haloperidol,259
440,Senna-Lax,203
441,Levothyroxine Sodium,823
442,HAMSOA YUYU DIAPER,839
443,CHANTIX,535
444,Oxygen,732
445,Ceftriaxone,402
446,Terazosin Hydrochloride,336
447,ATORVASTATIN CALCIUM,797
448,levocetirizine dihydrochloride,533
449,IMDUR,58
450,Fentanyl Citrate,258
451,Temozolomide,468
452,Pineapple Orange Antibacterial Foaming Hand Wash,558
453,Allopurinol,893
454,Loperamide Hydrochloride,929
455,PURE SELECT Purifying Anti-Aging,654
456,VIMOVO,51
457,Sulfamethoxazole and Trimethoprim,657
458,Chestnut Oak,596
459,Simvastatin,872
460,Cepacol Sensations,799
461,Atenolol,384
462,American Beech,512
463,NEXIUM,730
464,Sunscreen Day SPF 50,863
465,Night Time Cherry,459
466,Calamine,563
467,Rizatriptan Benzoate,274
468,Ranitidine,448
469,Metformin Hydrochloride Extended Release,707
470,Epi-Clenz Instant Hand Antiseptic,637
471,Aminocaproic Acid,451
472,verapamil hydrochloride,584
473,Suboxone,386
474,MISOPROSTOL,496
475,Famotidine,697
476,Promethazine Hydrochloride,516
477,Dove,741
478,Sage,150
479,Calcitriol,965
480,Perform,167
481,Warfarin Sodium,785
482,good neighbor pharmacy cold remedy,324
483,ShopRite Infants Ibuprofen,218
484,Digoxin,271
485,Amoxicillin and Clavulanate Potassium,575
486,Edluar,625
487,Coppertone Tanning Dry Oil,872
488,Privigen,148
489,Gastrotone,829
490,Henry Schein Acetaminophen,886
491,Elocon,307
492,Treatment Set TS330359,939
493,Childrens Cough and Bronchial,789
494,citroma,814
495,Amlodipine besylate,632
496,Ketoconazole,453
497,Povidone Iodine Surgical Scrub,927
498,Liquid Layer SPF 30,890
499,Duloxetine,910
500,Immuno Fortifier,51
501,L-Cysteine Hydrochloride,552
502,Amlodipine Besylate,50
503,Thierry Mugler Womanity Antiperspirant Roll-On Deodorant,188
504,Verapamil Hydrochloride,91
505,NasalCrom,924
506,Mirtazapine,224
507,Budesonide,522
508,Nasal Catarrh,455
509,ESIKA Extreme Moisturizing SPF 16,769
510,PREVENT HAND SANITIZER,610
511,"Pollens - Trees, Pepper Tree, California Schinus molle",955
512,good sense pain relief pm,981
513,Ampicillin and Sulbactam,197
514,Disney PIXAR Monsters University Antibacterial Hand Wipes,484
515,Oxygen,782
516,Hydrocodone Bitartrate and Acetaminophen,672
517,Oxygen,291
518,Pleo Muc,499
519,DISCOUNT DRUG MART,485
520,Sodium Sulfacetamide 10 Sulfur 5 Cleanser,538
521,Miconazole Nitrate,195
522,Humalog,115
523,careone nicotine,961
524,Muscle Ice,431
525,benzonatate,314
526,Hand Sanitizer,255
527,Meloxicam,308
528,Sentry Antibac,186
529,Dandruff,85
530,Complexion Corrector SPF20,261
531,BISACODYL,670
532,Granisetron Hydrochloride,693
533,Care One Nicotine,813
534,Hydroxyzine Pamoate,381
535,OXYGEN,310
536,Pleo Cal,310
537,simvastatin,794
538,itchy eye,263
539,TING,972
540,Lisinopril,324
541,Raspberry,630
542,Low Dose Chewable Aspirin,410
543,HEB,655
544,Flawless Finish Dual Perfection Makeup SPF 8 Mocha,625
545,Koh Gen Do Maifanshi Triple Lighting Foundation,254
546,BeneFIX,872
547,Protonix,864
548,Methylprednisolone,617
549,Oxygen,246
550,Cold-EEZE,863
551,Sodium Sulfacetamide and Sulfur,866
552,Propranolol Hydrochloride,161
553,CHENOPODIUM ALBUM POLLEN,88
554,Bupropion HydrochlorideXL,337
555,Topiramate,591
556,Fusarium compactum,881
557,Divalproex Sodium,587
558,Donnatal,222
559,Eastern Cottonwood,428
560,Phentermine Hydrochloride,487
561,"Kentucky Bluegrass (June), Standardized",706
562,Nitrofurantoin Macrocrystals,87
563,PAIN RELIEVING PATCH ULTRA STRENGTH,188
564,Loestrin 24 Fe,471
565,American Beech,831
566,Nicotine,808
567,H Plus Care Medicated Wipes,546
568,CleanWell Natural Antibacterial Foaming Spearmint Lime,889
569,Ropinirole,993
570,AMOREPACIFIC,146
571,Vaseline,177
572,Thyrolar,856
573,anti diarrheal,247
574,LBEL EFFET PARFAIT filling effect foundation SPF 10 - OBSCURE 9,563
575,Amlodipine Besylate,773
576,LBEL HYDRATESS,285
577,Sulwhasoo Lumitouch Foundation,507
578,ENALAPRIL MALEATE,787
579,Tizanidine Hydrochloride,729
580,Promethazine Hydrochloride,448
581,Condylox,267
582,Topiramate,370
583,Leucovorin Calcium,889
584,Oxacillin,618
585,LISINOPRIL AND HYDROCHLOROTHIAZIDE,656
586,Theophylline,62
587,Extralasting,208
588,Hemoforce,945
589,Golden Pear Antibacterial Foaming Hand Wash,769
590,Chlo Tuss,800
591,Ibuprofen,438
592,napoleon PERDIS CHINA DOLL FOUNDATION BROAD SPECTRUM SPF 15 Look 4,705
593,smart sense triacting,260
594,IFEX,579
595,Ocean Potion Quick Dry 30 Sunscreen,783
596,Zipsor,439
597,Pleo Quent,240
598,Oxygen,431
599,CVS Alcohol Prep,51
600,Max Revive,433
601,ofloxacin,967
602,Maximum Strength Mucus Relief Severe Congestion and Cold Max,911
603,Renuee,301
604,DR. RECKEWEG R53 Comedonin,530
605,Clearskin,906
606,Amoxicillin,262
607,Divalproex Sodium,908
608,Coffea Cruda Kit Refill,888
609,BIO-MEGA,286
610,Venlafaxine,554
611,PROPRANOLOL HYDROCHLORIDE,618
612,Allopurinol,503
613,Tall Ragweed,439
614,Ver,511
615,Wheat Smut,958
616,LOTEMAX,744
617,Be gone SCRATCH-N-ITCH,165
618,AZITHROMYCIN,689
619,Ergocalciferol,343
620,being well cold and flu relief pm,922
621,Tirosint,262
622,Cyclosporine,395
623,Green Olive,666
624,MISSHA SIGNATURE WRINKLE FILLER BB,123
625,Ribavirin,900
626,Sodium Chromate 51,305
627,PAUL AND JOE SILKY SMOOTH FOUNDATION UV 302,118
628,Sulfacetamide Sodium,781
629,Sinus Congestion and Pain Severe,440
630,CareOne Nighttime Sleep Aid,584
631,Dial Gold Bar,975
632,Coppertone TattooGuard Sunscreen,132
633,Losartan Potassium and Hydrochlorothiazide,85
634,Triamcinolone Acetonide,150
635,Pumpkin Seeds Antibacterial Foaming Hand Wash,764
636,Phoenix KinetiCream Anti-inflammatory and Pain Relief,251
637,Cavan Alpha,69
638,Orajel Instant Relief for Teething Pain,452
639,Caulophyllum Thal Kit Refill,779
640,Nitrogen Oxygen Mix,980
641,ANTIBACTERIAL FOAMING,92
642,DERMA WHITE,200
643,ATORVASTATIN CALCIUM,978
644,"Animal Allergens, AP Horse Hair and Dander",691
645,Hydralazine Hydrochloride,256
646,Premier Value Chest and Sinus Congestion relief,713
647,Tiger Balm White,466
648,Extra Strength Pain Reliever,560
649,TRIPLE ANTIBIOTIC,778
650,CELEBREX,715
651,OxyContin,137
652,Protopic,305
653,Livalo,700
654,SHISEIDO THE SKINCARE PROTECTIVE LIP CONDITIONER,147
655,Haben Herb,957
656,Curad Alcohol,532
657,SHISEIDO SHEER MATIFYING COMPACT (REFILL),743
658,Abstral,493
659,Heparin Sodium,357
660,Preferred Plus TabTussin,657
661,Neutrogena Oil Free Acne Stress Control,761
662,Flutamide,189
663,Instant Hand Sanitizer,249
664,CD DiorSkin Forever Flawless Perfection Fusion Wear Makeup SPF 25 - 030,292
665,Rifampin,93
666,Advil,545
667,Erythromycin-Benzoyl Peroxide,278
668,AMLODIPINE BESYLATE,617
669,Zinka Watermelon SPF 15 Lip Balm,563
670,"Timothy, Standardized",279
671,Amoxicillin,447
672,Metoclopramide,816
673,kids cough,196
674,Royal Petroleum (Cocoa Scent),829
675,Carvedilol,973
676,Action Cream,402
677,Losartan Potassium,717
678,No7 Protect and Perfect Intense Day Cream Sunscreen Broad Spectrum SPF 15,507
679,BAK,279
680,Epoprostenol Sodium,295
681,Olanzapine and Fluoxetine,944
682,Analpram Advanced,937
683,Lorazepam,605
684,Leader Hemorrholidal,535
685,Oxycodone Hydrochloride,278
686,CLOSE UP,999
687,Fluocinolone Acetonide,122
688,Wal itin D,968
689,Erythromycin,617
690,Therapentin-60,449
691,Whole Egg,692
692,HAND SANITIZING,485
693,Doxorubicin Hydrochloride,653
694,Ketoprofen,317
695,Personal Care Antibacterial,306
696,Tolterodine Tartrate Extended Release,661
697,RISPERDAL M-TAB,464
698,healthy accents stomach relief,784
699,TRICHOPHYTON MENTAGROPHYTES,766
700,BuPROPion Hydrochloride,930
701,Colchicum Chelidonium Special Order,424
702,ZOLPIDEM TARTRATE,164
703,Amoxicillin,129
704,Total Home,627
705,Cetirizine Hydrochloride,235
706,Prednisolone Sodium Phosphate,83
707,Antibacterial Spray,953
708,Axe,791
709,Proactiv,266
710,Walgreens Artificial Tears Lubricant Eye Drops,266
711,COUMADIN,601
712,Allergy,591
713,Cashmere Moisturizing Makeup Broad Spectrum SPF 15,881
714,Pecan Pollen,872
715,Cabergoline,597
716,Valproate Sodium,921
717,Tender Moments Baby Sunscreen Broad Spectrum SPF 45,477
718,oxygen,880
719,Strattera,201
720,Levetiracetam,983
721,Propranolol Hydrochloride,77
722,Kimchi Vitamin,360
723,Aspirin,667
724,Magnesium Oxide,938
725,Metformin Hydrochloride,384
726,Cephalexin,971
727,Ariel Sun Smacker SPF 24 Strawberry Kiwi,202
728,ALOE VESTA ANTIFUNGAL,413
729,Hydrocodone Bitartrate and Acetaminophen,181
730,AVANDARYL,300
731,Citalopram,65
732,Pravastatin Sodium,72
733,Simvastatin,980
734,Hydromorphone Hydrochloride,186
735,ENALAPRIL MALEATE,894
736,Menstrual Relief,718
737,sore throat,290
738,Donepezil Hydrochloride,282
739,Scott Triclosan Free Antibacterial Skin Cleanser,668
740,Lamotrigine,574
741,Milk of Magnesia Original,300
742,Nitrofurantoin (monohydrate/macrocrystals),83
743,Western Family,470
744,Flavoxate Hydrochloride,84
745,CHLORZOXAZONE,70
746,caffeine citrate,861
747,KETOROLAC TROMETHAMINE,990
748,"Dextroamphetamine Saccharate, Amphetamine Aspartate, Dextroamphetamine Sulfate and Amphetamine Sulfate",220
749,INTRON A,604
750,Fluoxetine,784
751,Heparin Sodium,960
752,ELELYSO,738
753,Modafinil,401
754,Energise RxS,429
755,Labetalol hydrochloride,898
756,Cardene I.V.,139
757,Dr. Scholls,750
758,Novolin,774
759,QueaseX Anti Nausea Drops,998
760,"Pollens - Trees, Boxelder/Maple Mix",340
761,Medroxyprogesterone Acetate,518
762,Gingerhead Girl anti-bacterial SCENTED HAND SANITIZER,774
763,PEANUT FOOD,655
764,Morning Fresh,630
765,ciprofloxacin,124
766,cough and sore throat,655
767,Activive,758
768,CELEBREX,658
769,Hemorrhoids,859
770,AMPICILLIN,923
771,citalopram hydrobromide,721
772,SUMATRIPTAN SUCCINATE,80
773,BRIGHTENING POWDER,701
774,Isuprel,92
775,HCG Cord,133
776,Alprazolam,872
777,SEUK,292
778,Topiramate,88
779,XtraCare Hand Sanitizer,525
780,Glucotrol XL,962
781,DILAUDID,519
782,Generlac,123
783,congestion relief,853
784,LEROSETT High-Content Organic Acne Treatment,970
785,ALKERAN,911
786,SORGHUM HALEPENSE POLLEN,731
787,Hydraphel Day SPF15,211
788,Hydralazine Hydrochloride,454
789,Mometasone Furoate,683
790,Rhizopus oryzae,377
791,Clonazepam,111
792,healthy mama,774
793,NITROGEN,159
794,Prochlorperazine,567
795,citroma,196
796,CroupEx Sprinkles,193
797,AHC Whitening Special Gen Cream,943
798,Curosurf,455
799,Childrens Acetaminophen,93
800,Magnesium Citrate Oral Solution,692
801,Midazolam Hydrochloride,386
802,Savella,770
803,Naproxen Kit,77
804,Benazepril Hydrochloride and Hydrochlorothiazide,805
805,Everyday Clean Dandruff,473
806,Nevirapine,893
807,Allergy Rescue,451
808,EAU THERMALE Avene Moderate Protection BROAD SPECTRUM SPF 20,706
809,Diltiazem Hydrochloride,65
810,BSS PLUS,721
811,Lamotrigine,381
812,Divalproex Sodium,215
813,Disney Princess Antibacterial Hand Wipes,394
814,Clinical Emergency Zit Stick,441
815,Bambusa Rhus,782
816,Robinia Nicotiana,362
817,FERROUS SULFATE,91
818,Mold Mix Antigens,736
819,FENOFIBRATE,847
820,Cefaclor,589
821,Cleocin Phosphate,934
822,Penicillin V Potassium,252
823,Atenolol,815
824,GEODON,861
825,Tricor,346
826,Preferred Plus Hemorrhoidal,898
827,Halobetasol Propionate,121
828,Haddock,464
829,Simvastatin,252
830,Papaverine Hydrochloride,693
831,Gabapentin,620
832,Pyridostigmine Bromide,187
833,Aspirin Free Headache PM,609
834,Walgreens Anti-Sagging and Ultra Hydrating Day Broad Spectrum SPF15 Sunscreen,707
835,"Butalbital, Acetaminophen, Caffeine, and Codeine Phosphate",311
836,Lorazepam,165
837,Finasteride,305
838,WARFARIN SODIUM,746
839,Silk,861
840,Mucinex,621
841,ropinirole,505
842,Metoprolol Succinate,137
843,CLARINS Broad Spectrum SPF 15 Everlasting Foundation Tint 109,910
844,Assured Ice Cold Topical Analgesic,305
845,PINUS ECHINATA POLLEN,225
846,Chantix,961
847,Rx Act Pain Relief,410
848,Bupropion Hydrochloride,425
849,VP-HEME OB,823
850,Metronidazole,200
851,Furosemide,287
852,OXYGEN,182
853,Medicated Apricot Scrub,561
854,Doxazosin,138
855,WATERMELON,528
856,Egg White,826
857,SHISEIDO SHEER MATIFYING COMPACT (REFILL),385
858,Total Copper,312
859,DR. RECKEWEG R52 Vomisan,405
860,Propylthiouracil,362
861,"Butalbital, Aspirin and Caffeine",365
862,Cetirizine hydrochloride,415
863,CLONAZEPAM,622
864,Stool Softener,137
865,Duloxetine,489
866,Valtrum Soothing Topical Analgesic,185
867,Cepacol,437
868,Metoprolol Tartate,634
869,Citalopram,230
870,Varico HP,762
871,Miconazole Nitrate,192
872,Premium Whitening,256
873,ESIKA HYDRACOLOR 2 IN 1 HIGHLY MOISTURIZING AND COLORING SPF 25,666
874,Sugar Maple,137
875,APIS MELLIFICA,545
876,Cefepime,553
877,Metronidazole,140
878,Gillette Odor Shield Invisible,304
879,Neutrogena Healthy Skin Enhancer,910
880,Atropine Sulfate,773
881,Miconazole 7,459
882,Disney PIXAR Cars Antibacterial Hand Wipes,205
883,Irbesartan,443
884,Agaricus Phosphorus,179
885,Penicillin V Potassium,414
886,Diovan HCT,915
887,Naproxen Sodium,345
888,Doxycycline Hyclate,270
889,MP,894
890,Eye Allergy Relief,797
891,benzphetamine hydrochloride,376
892,Hydrocodone Bitartrate And Acetaminophen,81
893,rx act nasal,328
894,Carbidopa and Levodopa,409
895,UltrasolSunscreen,568
896,Methylprednisolone,550
897,Pediacare Childrens Allergy,63
898,anti-bacterial foaming,555
899,Multi-Vitamin With Fluoride,771
900,Quetiapine fumarate,211
901,Oxygen,518
902,Tork Advanced Antimicrobial,370
903,Lidocaine Hydrochloride,573
904,Food Intolerances,856
905,Ciprofloxacin,500
906,womans laxative,801
907,Trichophyton mentagrophytes,120
908,Monistat Complete Care Chafing Relief,573
909,Lisinopril with Hydrochlorothiazide,240
910,Quetiapine fumarate,401
911,Doxycycline Hyclate,913
912,No7 Radiant Glow Foundation Sunscreen SPF 15 Suede,68
913,Triple Antibiotic,149
914,Carbidopa and Levodopa,444
915,ck one all day perfection face makeup,550
916,Cashew,721
917,Gabapentin,559
918,Night Time Liquid Caps,112
919,Glipizide,412
920,CLADOSPORIUM CLADOSPORIOIDES,864
921,Cetirizine Hydrochloride,217
922,Head and Shoulders,671
923,NO-WEAK-NAILS,526
924,Burkhart,866
925,Levetiracetam,860
926,Carvedilol,391
927,Panatuss PED,771
928,careone ibuprofen pm,324
929,ONDANSETRON HYDROCHLORIDE,721
930,Concerta,617
931,Dexmethylphenidate Hydrochloride,306
932,Citalopram,320
933,Trihexyphenidyl hydrochloride,936
934,CLARIFYING PRESSED POWDER,472
935,nifedipine,782
936,SUYAN JEONGBAEK,912
937,Leader Ibuprofen,397
938,Neutrogena Ultra sheer Face and Body,287
939,Metalogin,121
940,PROMETHAZINE HYDROCHLORIDE,991
941,Tension Headache Relief,81
942,Sulfur Cleanser,193
943,Crest Pro-Health HD,565
944,Furosemide,817
945,Suave,478
946,Pineapple,937
947,BUPROPION HYDROCHLORIDE,572
948,Neosporin Original,534
949,Hand Sanitizer,680
950,SE 10-5 SS,490
951,ASTAGRAF XL,200
952,XtraCare 2 in 1 Hair Cleanse and Condition,79
953,DOXEPIN HYDROCHLORIDE,997
954,Hydrocortisone,712
955,Erythromycin,442
956,SBS UltraPink,482
957,Famotidine,473
958,Hand Sanitizer,443
959,Leflunomide,307
960,Traumeel,874
961,Dr. Whitiss (8.3%),711
962,Oligo Iodine,776
963,Humco Glycerin and Artificial Rose Water,732
964,potassium chloride,831
965,Galantamine,146
966,Quality Choice Hemorrhoidal,636
967,Gemcitabine Hydrochloride,950
968,BlancTis Essence,205
969,FIRSTLINE MEDICAL the i-stick Povidone-Iodine Antiseptic Ampules,703
970,OXYCODONE HYDROCHLORIDE,168
971,Acyclovir,322
972,Apanol,322
973,PINUS STROBUS POLLEN,245
974,Povidone-Iodine Prep,746
975,Appetite and Weight with P.H.A.T.,261
976,Valium,494
977,Cold-EEZE,106
978,Methylphenidate Hydrochloride,514
979,SEUK,454
980,EltaMD UV Daily,387
981,West Sycamore,395
982,Dextrose And Sodium Chloride,231
983,Arnica Scorodite,556
984,NEO-POLYCIN,942
985,Goodys Cool Orange,523
986,STRING BEAN,902
987,Pier 1 Imports Iced Cookie Anti-Bacterial Hand Sanitizer,696
988,Zodryl AC 60,379
989,Equaline Cough DM,94
990,SMASHBOX,126
991,Chestal,659
992,lice,816
993,nasal decongestant,271
994,Cefazolin,243
995,ibuprofen,757
996,Terrasil Foot and Nail Anti-Fungal,956
997,equaline lice treatment,471
998,Cialis,704
999,Adenosine,211
1000,Cymbalta,547
